VIN (1-10),County,City,State,Postal Code,Model Year,Make,Model,Electric Vehicle Type,Clean Alternative Fuel Vehicle (CAFV) Eligibility,Electric Range,Base MSRP,Legislative District,DOL Vehicle ID,Vehicle Location,Electric Utility,2020 Census Tract
JTMEB3FV6N,Monroe,Key West,FL,33040,2022,TOYOTA,RAV4 PRIME,Plug-in Hybrid Electric Vehicle (PHEV),Clean Alternative Fuel Vehicle Eligible,42,0,,198968248,POINT (-81.80023 24.5545),,12087972100
1G1RD6E45D,Clark,Laughlin,NV,89029,2013,CHEVROLET,VOLT,Plug-in Hybrid Electric Vehicle (PHEV),Clean Alternative Fuel Vehicle Eligible,38,0,,5204412,POINT (-114.57245 35.16815),,32003005702
JN1AZ0CP8B,Yakima,Yakima,WA,98901,2011,NISSAN,LEAF,Battery Electric Vehicle (BEV),Clean Alternative Fuel Vehicle Eligible,73,0,15,218972519,POINT (-120.50721 46.60448),PACIFICORP,53077001602
1G1FW6S08H,Skagit,Concrete,WA,98237,2017,CHEVROLET,BOLT EV,Battery Electric Vehicle (BEV),Clean Alternative Fuel Vehicle Eligible,238,0,39,186750406,POINT (-121.7515 48.53892),PUGET SOUND ENERGY INC,53057951101
3FA6P0SU1K,Snohomish,Everett,WA,98201,2019,FORD,FUSION,Plug-in Hybrid Electric Vehicle (PHEV),Not eligible due to low battery range,26,0,38,2006714,POINT (-122.20596 47.97659),PUGET SOUND ENERGY INC,53061041500
5YJ3E1EB5J,Snohomish,Bothell,WA,98021,2018,TESLA,MODEL 3,Battery Electric Vehicle (BEV),Clean Alternative Fuel Vehicle Eligible,215,0,1,475635324,POINT (-122.18384 47.8031),PUGET SOUND ENERGY INC,53061051916
1N4AZ0CP4D,Snohomish,Everett,WA,98203,2013,NISSAN,LEAF,Battery Electric Vehicle (BEV),Clean Alternative Fuel Vehicle Eligible,75,0,38,253546023,POINT (-122.23019 47.94949),PUGET SOUND ENERGY INC,53061040900
1N4AZ0CP0D,Snohomish,Mukilteo,WA,98275,2013,NISSAN,LEAF,Battery Electric Vehicle (BEV),Clean Alternative Fuel Vehicle Eligible,75,0,21,176817364,POINT (-122.29196 47.89908),PUGET SOUND ENERGY INC,53061042001
1N4BZ0CP4G,Island,Clinton,WA,98236,2016,NISSAN,LEAF,Battery Electric Vehicle (BEV),Clean Alternative Fuel Vehicle Eligible,84,0,10,475900379,POINT (-122.35803 47.9796),PUGET SOUND ENERGY INC,53029972100
KNDJP3AE2G,Skagit,Anacortes,WA,98221,2016,KIA,SOUL,Battery Electric Vehicle (BEV),Clean Alternative Fuel Vehicle Eligible,93,31950,40,100489049,POINT (-122.61214 48.51748),PUGET SOUND ENERGY INC,53057940301
WA1F2AFY1L,Thurston,Lacey,WA,98516,2020,AUDI,Q5 E,Plug-in Hybrid Electric Vehicle (PHEV),Not eligible due to low battery range,20,0,22,103317238,POINT (-122.75379 47.06316),PUGET SOUND ENERGY INC,53067012221
5YJXCBE23L,Grant,Moses Lake,WA,98837,2020,TESLA,MODEL X,Battery Electric Vehicle (BEV),Clean Alternative Fuel Vehicle Eligible,293,0,13,3214494,POINT (-119.2771 47.13196),PUD NO 2 OF GRANT COUNTY,53025010904
3C3CFFGE3G,St. Clair,Mascoutah,IL,62258,2016,FIAT,500,Battery Electric Vehicle (BEV),Clean Alternative Fuel Vehicle Eligible,84,0,,153786167,POINT (-89.79939 38.49028),,17163504356
1G1RD6S50G,Thurston,Rochester,WA,98579,2016,CHEVROLET,VOLT,Plug-in Hybrid Electric Vehicle (PHEV),Clean Alternative Fuel Vehicle Eligible,53,0,20,476126752,POINT (-123.08743 46.82175),PUGET SOUND ENERGY INC,53067012730
5YJ3E1EA1J,Skagit,Burlington,WA,98233,2018,TESLA,MODEL 3,Battery Electric Vehicle (BEV),Clean Alternative Fuel Vehicle Eligible,215,0,40,211534823,POINT (-122.33029 48.46846),PUGET SOUND ENERGY INC,53057951600
1N4BZ1CP4K,Snohomish,Everett,WA,98201,2019,NISSAN,LEAF,Battery Electric Vehicle (BEV),Clean Alternative Fuel Vehicle Eligible,150,0,38,203204347,POINT (-122.20596 47.97659),PUGET SOUND ENERGY INC,53061040100
1N4AZ0CP4D,Pierce,Kapowsin,WA,98344,2013,NISSAN,LEAF,Battery Electric Vehicle (BEV),Clean Alternative Fuel Vehicle Eligible,75,0,2,237061968,,PUGET SOUND ENERGY INC||CITY OF TACOMA - (WA),53053073119
1G1FX6S08H,Whatcom,Lynden,WA,98264,2017,CHEVROLET,BOLT EV,Battery Electric Vehicle (BEV),Clean Alternative Fuel Vehicle Eligible,238,0,42,349999744,POINT (-122.45079 48.9429),PUGET SOUND ENERGY INC||PUD NO 1 OF WHATCOM COUNTY,53073010301
1G1RD6E46D,Grant,Moses Lake,WA,98837,2013,CHEVROLET,VOLT,Plug-in Hybrid Electric Vehicle (PHEV),Clean Alternative Fuel Vehicle Eligible,38,0,13,170316632,POINT (-119.2771 47.13196),PUD NO 2 OF GRANT COUNTY,53025010904
7SAYGDEE4N,Spokane,Spokane,WA,99223,2022,TESLA,MODEL Y,Battery Electric Vehicle (BEV),Eligibility unknown as battery range has not been researched,0,0,6,224431378,POINT (-117.36043 47.63396),BONNEVILLE POWER ADMINISTRATION||AVISTA CORP||INLAND POWER & LIGHT COMPANY,53063005000
1G1RD6E4XD,Whatcom,Ferndale,WA,98248,2013,CHEVROLET,VOLT,Plug-in Hybrid Electric Vehicle (PHEV),Clean Alternative Fuel Vehicle Eligible,38,0,42,9553225,POINT (-122.59351 48.84756),PUGET SOUND ENERGY INC||PUD NO 1 OF WHATCOM COUNTY,53073010504
5YJ3E1EB7M,Whatcom,Deming,WA,98244,2021,TESLA,MODEL 3,Battery Electric Vehicle (BEV),Eligibility unknown as battery range has not been researched,0,0,42,180867557,POINT (-122.22299499999997 48.82515500000005),PUGET SOUND ENERGY INC||PUD NO 1 OF WHATCOM COUNTY,53073010103
5YJSA1E28G,Benton,Benton City,WA,99320,2016,TESLA,MODEL S,Battery Electric Vehicle (BEV),Clean Alternative Fuel Vehicle Eligible,210,0,16,126191131,POINT (-119.48756 46.26543),BONNEVILLE POWER ADMINISTRATION||PUD NO 1 OF BENTON COUNTY,53005010701
5YJXCAE25J,Skagit,Burlington,WA,98233,2018,TESLA,MODEL X,Battery Electric Vehicle (BEV),Clean Alternative Fuel Vehicle Eligible,238,0,40,260704230,POINT (-122.33029 48.46846),PUGET SOUND ENERGY INC,53057951800
5YJ3E1EA3M,San Juan,Lopez Island,WA,98261,2021,TESLA,MODEL 3,Battery Electric Vehicle (BEV),Eligibility unknown as battery range has not been researched,0,0,40,148685617,POINT (-122.91395 48.52342),BONNEVILLE POWER ADMINISTRATION||ORCAS POWER & LIGHT COOP,53055960501
WBY33AW05P,Island,Clinton,WA,98236,2023,BMW,I4,Battery Electric Vehicle (BEV),Eligibility unknown as battery range has not been researched,0,0,10,228279180,POINT (-122.35803 47.9796),PUGET SOUND ENERGY INC,53029972100
JTDKARFP1H,Spokane,Spokane,WA,99218,2017,TOYOTA,PRIUS PRIME,Plug-in Hybrid Electric Vehicle (PHEV),Not eligible due to low battery range,25,0,6,349989468,POINT (-117.4077 47.74527),BONNEVILLE POWER ADMINISTRATION||AVISTA CORP||INLAND POWER & LIGHT COMPANY,53063010902
5YJ3E1ECXP,Snohomish,Edmonds,WA,98026,2023,TESLA,MODEL 3,Battery Electric Vehicle (BEV),Eligibility unknown as battery range has not been researched,0,0,21,220828317,POINT (-122.31768 47.87166),PUGET SOUND ENERGY INC,53061050200
5YJ3E1EA7P,King,Seattle,WA,98168,2023,TESLA,MODEL 3,Battery Electric Vehicle (BEV),Eligibility unknown as battery range has not been researched,0,0,33,221294608,POINT (-122.3317 47.50314),CITY OF SEATTLE - (WA)|CITY OF TACOMA - (WA),53033026400
WA1AAAGE2N,Benton,West Richland,WA,99353,2022,AUDI,E-TRON,Battery Electric Vehicle (BEV),Eligibility unknown as battery range has not been researched,0,0,8,218924632,POINT (-119.33788 46.2969),BONNEVILLE POWER ADMINISTRATION||PUD NO 1 OF BENTON COUNTY,53005010708
3FMTK3R75M,Grays Harbor,Satsop,WA,98583,2021,FORD,MUSTANG MACH-E,Battery Electric Vehicle (BEV),Eligibility unknown as battery range has not been researched,0,0,24,148913803,POINT (-123.48162 47.00236),BONNEVILLE POWER ADMINISTRATION||PUD NO 1 OF GRAYS HARBOR COUNTY,53027000501
5UXTA6C07P,Benton,Richland,WA,99352,2023,BMW,X5,Plug-in Hybrid Electric Vehicle (PHEV),Clean Alternative Fuel Vehicle Eligible,30,0,8,227306271,POINT (-119.27372 46.27391),BONNEVILLE POWER ADMINISTRATION||CITY OF RICHLAND - (WA),53005010500
1G1RH6E42E,Snohomish,Mukilteo,WA,98275,2014,CHEVROLET,VOLT,Plug-in Hybrid Electric Vehicle (PHEV),Clean Alternative Fuel Vehicle Eligible,38,0,21,145434985,POINT (-122.29196 47.89908),PUGET SOUND ENERGY INC,53061041301
7SAYGDEF4N,Pierce,Lakewood,WA,98498,2022,TESLA,MODEL Y,Battery Electric Vehicle (BEV),Eligibility unknown as battery range has not been researched,0,0,28,216664997,POINT (-122.54795 47.17997),PUGET SOUND ENERGY INC||CITY OF TACOMA - (WA),53053072107
5YJ3E1EA4N,Snohomish,Lynnwood,WA,98087,2022,TESLA,MODEL 3,Battery Electric Vehicle (BEV),Eligibility unknown as battery range has not been researched,0,0,21,209893743,POINT (-122.27981 47.85727),PUGET SOUND ENERGY INC,53061042004
W1KCG2DB6N,Clark,Vancouver,WA,98661,2022,MERCEDES-BENZ,EQS-CLASS SEDAN,Battery Electric Vehicle (BEV),Eligibility unknown as battery range has not been researched,0,0,49,201967041,POINT (-122.62934 45.63201),BONNEVILLE POWER ADMINISTRATION||PUD NO 1 OF CLARK COUNTY - (WA),53011042601
5YJYGDEE5L,Pierce,Tacoma,WA,98444,2020,TESLA,MODEL Y,Battery Electric Vehicle (BEV),Clean Alternative Fuel Vehicle Eligible,291,0,29,112591538,POINT (-122.46495 47.16778),BONNEVILLE POWER ADMINISTRATION||CITY OF TACOMA - (WA)||PENINSULA LIGHT COMPANY,53053063502
5YJSA1E22F,King,Vashon,WA,98070,2015,TESLA,MODEL S,Battery Electric Vehicle (BEV),Clean Alternative Fuel Vehicle Eligible,208,0,34,279480883,POINT (-122.4573 47.44929),PUGET SOUND ENERGY INC||CITY OF TACOMA - (WA),53033027702
7SAYGDEE3P,King,Seattle,WA,98118,2023,TESLA,MODEL Y,Battery Electric Vehicle (BEV),Eligibility unknown as battery range has not been researched,0,0,37,229870357,POINT (-122.2668 47.55115),CITY OF SEATTLE - (WA)|CITY OF TACOMA - (WA),53033010302
7SAYGAEE0N,Snohomish,Marysville,WA,98270,2022,TESLA,MODEL Y,Battery Electric Vehicle (BEV),Eligibility unknown as battery range has not been researched,0,0,38,218399324,POINT (-122.17672999999996 48.05542000000003),PUGET SOUND ENERGY INC,53061052906
KNDC3DLC3P,Clark,Vancouver,WA,98664,2023,KIA,EV6,Battery Electric Vehicle (BEV),Eligibility unknown as battery range has not been researched,0,0,49,237880562,POINT (-122.59219 45.62158),BONNEVILLE POWER ADMINISTRATION||PUD NO 1 OF CLARK COUNTY - (WA),53011041206
7SAYGDEEXN,King,Seattle,WA,98117,2022,TESLA,MODEL Y,Battery Electric Vehicle (BEV),Eligibility unknown as battery range has not been researched,0,0,36,217499467,POINT (-122.38418 47.70044),CITY OF SEATTLE - (WA)|CITY OF TACOMA - (WA),53033003000
1N4AZ1BV4N,King,Seattle,WA,98144,2022,NISSAN,LEAF,Battery Electric Vehicle (BEV),Eligibility unknown as battery range has not been researched,0,0,37,207712837,POINT (-122.30866 47.57874),CITY OF SEATTLE - (WA)|CITY OF TACOMA - (WA),53033008900
WVGKMPE25N,Snohomish,Everett,WA,98204,2022,VOLKSWAGEN,ID.4,Battery Electric Vehicle (BEV),Eligibility unknown as battery range has not been researched,0,0,38,232959905,POINT (-122.25527 47.90456),PUGET SOUND ENERGY INC,53061041907
5YJ3E1EC7P,Snohomish,Mukilteo,WA,98275,2023,TESLA,MODEL 3,Battery Electric Vehicle (BEV),Eligibility unknown as battery range has not been researched,0,0,21,224703097,POINT (-122.29196 47.89908),PUGET SOUND ENERGY INC,53061041301
1G1RC6E46F,Spokane,Spokane,WA,99204,2015,CHEVROLET,VOLT,Plug-in Hybrid Electric Vehicle (PHEV),Clean Alternative Fuel Vehicle Eligible,38,0,3,131367302,POINT (-117.42571 47.64779),MODERN ELECTRIC WATER COMPANY,53063004001
JHMZC5F3XJ,Snohomish,Everett,WA,98203,2018,HONDA,CLARITY,Plug-in Hybrid Electric Vehicle (PHEV),Clean Alternative Fuel Vehicle Eligible,47,0,38,224773930,POINT (-122.23019 47.94949),PUGET SOUND ENERGY INC,53061041304
1N4AZ1CP0J,Clallam,Sequim,WA,98382,2018,NISSAN,LEAF,Battery Electric Vehicle (BEV),Clean Alternative Fuel Vehicle Eligible,151,0,24,290405174,POINT (-123.09968999999995 48.08137000000005),BONNEVILLE POWER ADMINISTRATION||PUD NO 1 OF CLALLAM COUNTY,53009002001
5UXTA6C03N,Pierce,Puyallup,WA,98375,2022,BMW,X5,Plug-in Hybrid Electric Vehicle (PHEV),Clean Alternative Fuel Vehicle Eligible,30,0,2,211136495,POINT (-122.30116 47.1165),BONNEVILLE POWER ADMINISTRATION||CITY OF TACOMA - (WA)||ELMHURST MUTUAL POWER & LIGHT CO|PENINSULA LIGHT COMPANY,53053073127
7SAYGDEEXP,Snohomish,Marysville,WA,98270,2023,TESLA,MODEL Y,Battery Electric Vehicle (BEV),Eligibility unknown as battery range has not been researched,0,0,38,229560978,POINT (-122.17672999999996 48.05542000000003),PUGET SOUND ENERGY INC,53061052906
JN1BF0BA0P,Snohomish,Snohomish,WA,98296,2023,NISSAN,ARIYA,Battery Electric Vehicle (BEV),Eligibility unknown as battery range has not been researched,0,0,1,231012078,POINT (-122.1389 47.87115),PUGET SOUND ENERGY INC,53061052112
5YJYGDEEXL,King,Vashon,WA,98070,2020,TESLA,MODEL Y,Battery Electric Vehicle (BEV),Clean Alternative Fuel Vehicle Eligible,291,0,34,112734723,POINT (-122.4573 47.44929),PUGET SOUND ENERGY INC||CITY OF TACOMA - (WA),53033027702
3FMTK4SX4N,Asotin,Clarkston,WA,99403,2022,FORD,MUSTANG MACH-E,Battery Electric Vehicle (BEV),Eligibility unknown as battery range has not been researched,0,0,9,230152261,POINT (-117.04556 46.41402),BONNEVILLE POWER ADMINISTRATION||AVISTA CORP||PUD NO 1 OF ASOTIN COUNTY,53003960200
7SAYGDEEXP,King,Seattle,WA,98121,2023,TESLA,MODEL Y,Battery Electric Vehicle (BEV),Eligibility unknown as battery range has not been researched,0,0,43,232923757,POINT (-122.34468 47.61578),CITY OF SEATTLE - (WA)|CITY OF TACOMA - (WA),53033007302
WBY73AW09N,Clark,Ridgefield,WA,98642,2022,BMW,I4,Battery Electric Vehicle (BEV),Eligibility unknown as battery range has not been researched,0,0,18,216841089,POINT (-122.74595 45.81539),BONNEVILLE POWER ADMINISTRATION||PUD NO 1 OF CLARK COUNTY - (WA),53011040303
5YJ3E1EB0J,Whatcom,Blaine,WA,98230,2018,TESLA,MODEL 3,Battery Electric Vehicle (BEV),Clean Alternative Fuel Vehicle Eligible,215,0,42,103521302,POINT (-122.74888 48.99404),PUGET SOUND ENERGY INC||PUD NO 1 OF WHATCOM COUNTY,53073010405
WBA13AG06M,Thurston,Olympia,WA,98501,2021,BMW,530E,Plug-in Hybrid Electric Vehicle (PHEV),Not eligible due to low battery range,21,0,22,196559310,POINT (-122.89166 47.03956),PUGET SOUND ENERGY INC,53067010700
7SAYGDEE6P,Pierce,Gig Harbor,WA,98335,2023,TESLA,MODEL Y,Battery Electric Vehicle (BEV),Eligibility unknown as battery range has not been researched,0,0,26,231134102,POINT (-122.58354539999999 47.32344880000005),BONNEVILLE POWER ADMINISTRATION||CITY OF TACOMA - (WA)||PENINSULA LIGHT COMPANY,53053072405
1N4BZ1CV7N,Pierce,Tacoma,WA,98408,2022,NISSAN,LEAF,Battery Electric Vehicle (BEV),Eligibility unknown as battery range has not been researched,0,0,29,185810943,POINT (-122.43810499999995 47.203220000000044),BONNEVILLE POWER ADMINISTRATION||CITY OF TACOMA - (WA)||PENINSULA LIGHT COMPANY,53053063100
5YJYGDEE8M,King,Seattle,WA,98109,2021,TESLA,MODEL Y,Battery Electric Vehicle (BEV),Eligibility unknown as battery range has not been researched,0,0,36,176542418,POINT (-122.35022 47.63824),CITY OF SEATTLE - (WA)|CITY OF TACOMA - (WA),53033007002
5YJXCBE22L,Island,Camano Island,WA,98282,2020,TESLA,MODEL X,Battery Electric Vehicle (BEV),Clean Alternative Fuel Vehicle Eligible,293,0,10,102834938,POINT (-122.40049 48.23986),BONNEVILLE POWER ADMINISTRATION||PUD 1 OF SNOHOMISH COUNTY,53029971400
5YJ3E1EA5M,Pierce,Puyallup,WA,98375,2021,TESLA,MODEL 3,Battery Electric Vehicle (BEV),Eligibility unknown as battery range has not been researched,0,0,2,180473639,POINT (-122.30116 47.1165),BONNEVILLE POWER ADMINISTRATION||CITY OF TACOMA - (WA)||PENINSULA LIGHT COMPANY,53053073126